{
    
    "express": {
        "view cache": false,
        "view engine": "dust",
        "views": "path:./public/templates"
    },

    
    "view engines": {
        "dust": {
            "module": "engine-munger",
            "renderer": {
                "method": "dust",
                "arguments": [
                    { "cache": false },
                    {
                        "views": "config:express.views",
                        "view engine": "config:express.view engine",
                        "specialization": "config:specialization",
                        "i18n": "config:i18n"
                    }
                ]
            }
        }
    },
    
    

    "middleware": {

        "devtools": {
            "enabled": true,
            "priority": 35,
            "module": {
                "name": "construx",
                "arguments": [
                    "path:./public",
                    "path:./.build",
                    {
                        
                        "template": {
                            "module": "construx-dustjs-i18n",
                            "files": "/templates/**/*.js",
                            "base": "templates"
                            
                            ,"i18n": "config:i18n"
                            
                        },
                        
                        
                        "css": {
                            "module": "construx-less",
                            "files": "/css/**/*.css"
                        },
                        
                        "copier": {
                            "module": "construx-copier",
                            "files": "**/*"
                        }
                    }
                ]
            }
        }
    }
}
